{"cameraMode":{"drawMode":0,"name":"Shaded","section":"Shading Mode"},"sceneLighting":true,"audioPlay":false,"sceneViewState":{"m_AlwaysRefresh":false,"showFog":true,"showSkybox":true,"showFlares":true,"showImageEffects":true,"showParticleSystems":true,"showVisualEffectGraphs":true,"m_FxEnabled":true},"in2DMode":false,"pivot":{"x":6.433216094970703,"y":-23.763072967529298,"z":-52.05261993408203},"rotation":{"x":0.014214540831744671,"y":0.9671206474304199,"z":-0.24778114259243012,"w":0.05547798424959183},"size":34.54850769042969,"orthographic":false}