{"cameraMode":{"drawMode":0,"name":"Shaded","section":"Shading Mode"},"sceneLighting":false,"audioPlay":false,"sceneViewState":{"m_AlwaysRefresh":false,"showFog":true,"showSkybox":false,"showFlares":true,"showImageEffects":true,"showParticleSystems":true,"showVisualEffectGraphs":true,"m_FxEnabled":true},"in2DMode":false,"pivot":{"x":0.9357538223266602,"y":3.326396942138672,"z":-3.2642955780029299},"rotation":{"x":-0.22238746285438538,"y":-0.03305049240589142,"z":0.007553691044449806,"w":-0.9743495583534241},"size":1.0819551944732667,"orthographic":false}